{
  "project_info": {
    "project_number": "925059971996",
    "project_id": "no-6e455",
    "storage_bucket": "no-6e455.appspot.com"
  },
  "client": [
    {
      "client_info": {
        "mobilesdk_app_id": "1:925059971996:android:7fe0d46d59600c61daa659",
        "android_client_info": {
          "package_name": "com.goggxi.yt_flutter_movie_db"
        }
      },
      "oauth_client": [],
      "api_key": [
        {
          "current_key": "AIzaSyBEyZbvOQlNuWONRGcCi57SazmIgV9oVjY"
        }
      ],
      "services": {
        "appinvite_service": {
          "other_platform_oauth_client": []
        }
      }
    }
  ],
  "configuration_version": "1"
}